organism	Number of KO function	Number of EC number function	class	Class
Micromonospora_aurantiaca_ATCC_27029	890	618	Actinobacteria	Actinobacteria
Bifidobacterium_bifidum_NCIMB_41171	554	342	Actinobacteria	Actinobacteria
Bifidobacterium_bifidum_PRL2010	584	343	Actinobacteria	Actinobacteria
Bifidobacterium_bifidum_S17	587	345	Actinobacteria	Actinobacteria
Bifidobacterium_boum_DSM_20432	615	420	Actinobacteria	Actinobacteria
Bifidobacterium_breve_HPH0326	590	359	Actinobacteria	Actinobacteria
Bifidobacterium_breve_UCC2003_NCIMB8807	583	350	Actinobacteria	Actinobacteria
Bifidobacterium_catenulatum_DSM_16992	549	352	Actinobacteria	Actinobacteria
Bifidobacterium_coryneforme_DSM_20216	551	400	Actinobacteria	Actinobacteria
Bifidobacterium_dentium_ATCC_27678	616	372	Actinobacteria	Actinobacteria
Bifidobacterium_gallicum_DSM_20093	514	344	Actinobacteria	Actinobacteria
Bifidobacterium_kashiwanohense_DSM_21854	643	431	Actinobacteria	Actinobacteria
Bifidobacterium_longum_DJO10A	586	364	Actinobacteria	Actinobacteria
Bifidobacterium_longum_E18	570	349	Actinobacteria	Actinobacteria
Bifidobacterium_longum_infantis_157F_NC	559	362	Actinobacteria	Actinobacteria
Bifidobacterium_longum_infantis_ATCC_15697	568	369	Actinobacteria	Actinobacteria
Bifidobacterium_longum_longum_ATCC_55813	556	360	Actinobacteria	Actinobacteria
Bifidobacterium_longum_longum_BBMN68	601	369	Actinobacteria	Actinobacteria
Bifidobacterium_longum_longum_CCUG_52486	555	360	Actinobacteria	Actinobacteria
Bifidobacterium_longum_longum_JCM_1217	596	361	Actinobacteria	Actinobacteria
Bifidobacterium_longum_longum_JDM301	610	367	Actinobacteria	Actinobacteria
Bifidobacterium_longum_NCC2705	540	359	Actinobacteria	Actinobacteria
Gordonia_terrae_NBRC_100016	936	621	Actinobacteria	Actinobacteria
Gordonia_terrae_C_6	913	599	Actinobacteria	Actinobacteria
Gordonia_rubripertincta_NBRC_101908	910	601	Actinobacteria	Actinobacteria
Arthrobacter_castelli_DSM_16402	950	644	Actinobacteria	Actinobacteria
Arcanobacterium_haemolyticum_DSM_20595	567	379	Actinobacteria	Actinobacteria
Bifidobacterium_mongoliense_DSM_21395	646	432	Actinobacteria	Actinobacteria
Bifidobacterium_pseudocatenulatum_DSM_20438	563	358	Actinobacteria	Actinobacteria
Bifidobacterium_pseudolongum_subsp_Pseudolongum_DSM_20099	609	413	Actinobacteria	Actinobacteria
Bifidobacterium_bifidum_BGN4	585	344	Actinobacteria	Actinobacteria
Kocuria_palustris_PEL	841	560	Actinobacteria	Actinobacteria
Kocuria_rhizophila_DC2201	830	532	Actinobacteria	Actinobacteria
Kytococcus_sedentarius_DSM_20547	773	499	Actinobacteria	Actinobacteria
Mycobacterium_fortuitum_subsp_fortuitum_DSM_46621	952	625	Actinobacteria	Actinobacteria
Mycobacterium_avium_subsp_avium_ATCC_25291	857	579	Actinobacteria	Actinobacteria
Mobiluncus_curtisii_ATCC_43063	610	429	Actinobacteria	Actinobacteria
Micrococcus_luteus_NCTC_2665	754	501	Actinobacteria	Actinobacteria
Microbacterium_paraoxydans_77MFTsu32	843	571	Actinobacteria	Actinobacteria
Microbacterium_oleivorans_NBRC_103075	852	571	Actinobacteria	Actinobacteria
Microbacterium_gubbeenense_DSM_15944	821	557	Actinobacteria	Actinobacteria
Bifidobacterium_adolescentis_ATCC_15703	580	355	Actinobacteria	Actinobacteria
Bifidobacterium_angulatum_DSM_20098	526	343	Actinobacteria	Actinobacteria
Bifidobacterium_animalis_lactis_AD011	501	327	Actinobacteria	Actinobacteria
Bifidobacterium_animalis_lactis_BB_12	527	346	Actinobacteria	Actinobacteria
Bifidobacterium_animalis_lactis_Bi_07	527	346	Actinobacteria	Actinobacteria
Bifidobacterium_animalis_lactis_Bl_04_ATCC_SD5219	527	346	Actinobacteria	Actinobacteria
Propionibacterium_acidipropionici_ATCC_4875	858	569	Actinobacteria	Actinobacteria
Bifidobacterium_ruminantium_DSM_6489	640	441	Actinobacteria	Actinobacteria
Propionibacterium_acnes_KPA171202	800	534	Actinobacteria	Actinobacteria
Propionibacterium_freudenreichii_subsp_shermanii_CIRM_BIA1	701	432	Actinobacteria	Actinobacteria
Propionibacterium_granulosum_DSM_20700	658	455	Actinobacteria	Actinobacteria
Propionibacterium_jensenii_DSM_20535	816	554	Actinobacteria	Actinobacteria
Propionibacterium_propionicum_F0230a	803	529	Actinobacteria	Actinobacteria
Rhodococcus_equi_ATCC_33707	893	617	Actinobacteria	Actinobacteria
Rhodococcus_equi_NBRC_101255	888	609	Actinobacteria	Actinobacteria
Rhodococcus_erythropolis_PR4	965	653	Actinobacteria	Actinobacteria
Rhodococcus_rhodochrous_ATCC_21198	958	647	Actinobacteria	Actinobacteria
Rothia_aeria_F0474	674	436	Actinobacteria	Actinobacteria
Rothia_dentocariosa_ATCC_17931	683	428	Actinobacteria	Actinobacteria
Rothia_mucilaginosa_DY_18	652	417	Actinobacteria	Actinobacteria
Bifidobacterium_animalis_lactis_CNCM_I_2494	524	342	Actinobacteria	Actinobacteria
Bifidobacterium_animalis_lactis_DSM_10140	527	346	Actinobacteria	Actinobacteria
Scardovia_inopinata_F0304	477	349	Actinobacteria	Actinobacteria
Propionibacterium_avidum_44067	798	533	Actinobacteria	Actinobacteria
Bifidobacterium_scardovii_JCM_12489	665	433	Actinobacteria	Actinobacteria
Bifidobacterium_animalis_lactis_V9	527	346	Actinobacteria	Actinobacteria
Bifidobacterium_thermacidophilum_subsp_thermacidophilum_DSM_15837	629	428	Actinobacteria	Actinobacteria
Actinomyces_odontolyticus_ATCC_17982	556	370	Actinobacteria	Actinobacteria
Brevibacterium_massiliense_5401308	711	488	Actinobacteria	Actinobacteria
Dietzia_cinnamea_P4	800	527	Actinobacteria	Actinobacteria
Varibaculum_cambriense_DSM_15806	650	440	Actinobacteria	Actinobacteria
Corynebacterium_amycolatum_SK46	763	517	Actinobacteria	Actinobacteria
Cellulosimicrobium_cellulans_J36	692	444	Actinobacteria	Actinobacteria
Brevibacterium_linens_BL2	851	606	Actinobacteria	Actinobacteria
Corynebacterium_ulcerans_809	741	482	Actinobacteria	Actinobacteria
Bifidobacterium_stercoris_DSM_24849	647	433	Actinobacteria	Actinobacteria
Corynebacterium_aurimucosum_ATCC_700975	780	531	Actinobacteria	Actinobacteria
Corynebacterium_durum_F0235	780	517	Actinobacteria	Actinobacteria
Actinomyces_oris_K20	650	427	Actinobacteria	Actinobacteria
Actinomyces_turicensis_ACS_279_V_Col4	630	425	Actinobacteria	Actinobacteria
Corynebacterium_striatum_ATCC_6940	799	537	Actinobacteria	Actinobacteria
Corynebacterium_glucuronolyticum_ATCC_51867	761	497	Actinobacteria	Actinobacteria
Corynebacterium_propinquum_DSM_44285	697	477	Actinobacteria	Actinobacteria
Brevibacterium_casei_S18	884	605	Actinobacteria	Actinobacteria
Actinomyces_graevenitzii_C83	627	419	Actinobacteria	Actinobacteria
Bifidobacterium_thermophilum_RBL67	637	420	Actinobacteria	Actinobacteria
Blastococcus_massiliensis_AP3	798	545	Actinobacteria	Actinobacteria
Brachybacterium_paraconglomeratum_LC44	878	589	Actinobacteria	Actinobacteria
Tropheryma_whipplei_str_Twist	419	295	Actinobacteria	Actinobacteria
Trueperella_pyogenes_MS249	648	442	Actinobacteria	Actinobacteria
Dermacoccus_nishinomiyaensis	796	549	Actinobacteria	Actinobacteria
Actinomyces_naeslundii_str_Howell_279	763	496	Actinobacteria	Actinobacteria
Corynebacterium_kroppenstedtii_DSM_44385	789	521	Actinobacteria	Actinobacteria
Actinomyces_urogenitalis_DSM_15434	720	470	Actinobacteria	Actinobacteria
Curtobacterium_flaccumfaciens_UCD_AKU	837	561	Actinobacteria	Actinobacteria
Corynebacterium_ureicelerivorans	713	476	Actinobacteria	Actinobacteria
Corynebacterium_tuberculostearicum_SK141	711	480	Actinobacteria	Actinobacteria
Corynebacterium_ammoniagenes_DSM_20306	823	556	Actinobacteria	Actinobacteria
Actinomyces_cardiffensis_F0333	656	425	Actinobacteria	Actinobacteria
Actinomyces_georgiae_DSM_6843	634	431	Actinobacteria	Actinobacteria
Actinomyces_viscosus_C505	767	509	Actinobacteria	Actinobacteria
Afipia_birgiae_34632	862	595	Alphaproteobacteria	Alphaproteobacteria
Agrobacterium_tumefaciens_F2	946	663	Alphaproteobacteria	Alphaproteobacteria
Roseomonas_mucosa_ATCC_BAA_692	933	638	Alphaproteobacteria	Alphaproteobacteria
Mesorhizobium_loti_MAFF303099	993	682	Alphaproteobacteria	Alphaproteobacteria
Methylobacterium_mesophilicum_SR16_6	955	641	Alphaproteobacteria	Alphaproteobacteria
Methylobacterium_populi_BJ001	941	624	Alphaproteobacteria	Alphaproteobacteria
Methylobacterium_radiotolerans_JCM_2831	913	628	Alphaproteobacteria	Alphaproteobacteria
Brevundimonas_diminuta_470_4	776	541	Alphaproteobacteria	Alphaproteobacteria
Brevundimonas_bacteroides_DSM_4726	765	526	Alphaproteobacteria	Alphaproteobacteria
Ochrobactrum_anthropi_ATCC_49188	940	636	Alphaproteobacteria	Alphaproteobacteria
Ochrobactrum_intermedium_LMG_3301	916	622	Alphaproteobacteria	Alphaproteobacteria
Bartonella_quintana_Toulouse	488	297	Alphaproteobacteria	Alphaproteobacteria
Bradyrhizobium_elkanii_USDA_76	1007	687	Alphaproteobacteria	Alphaproteobacteria
Bradyrhizobium_japonicum_USDA_6	991	685	Alphaproteobacteria	Alphaproteobacteria
Paracoccus_yeei_ATCC_BAA_599	959	634	Alphaproteobacteria	Alphaproteobacteria
Lactobacillus_sakei_subsp_sakei_23K	518	309	Bacilli	Bacilli
Lactobacillus_reuteri_CF48_3A	553	372	Bacilli	Bacilli
Lactobacillus_reuteri_F275_JCM_1112	545	365	Bacilli	Bacilli
Lactobacillus_rhamnosus_GG_ATCC_53103	638	392	Bacilli	Bacilli
Lactobacillus_ruminis_ATCC_25644	530	340	Bacilli	Bacilli
Lactobacillus_rhamnosus_LMS2_1	627	391	Bacilli	Bacilli
Lactobacillus_reuteri_SD2112_ATCC_55730	552	372	Bacilli	Bacilli
Lactobacillus_reuteri_MM4_1A	555	372	Bacilli	Bacilli
Lactobacillus_reuteri_MM2_3	555	373	Bacilli	Bacilli
Lactobacillus_salivarius_HO66_ATCC_11741	534	347	Bacilli	Bacilli
Listeria_monocytogenes_Finland_1988	770	484	Bacilli	Bacilli
Lactobacillus_ultunensis_DSM_16047	463	301	Bacilli	Bacilli
Paenibacillus_daejeonensis_DSM_15491	921	600	Bacilli	Bacilli
Paenibacillus_barengoltzii_G22	889	589	Bacilli	Bacilli
Paenibacillus_alvei_DSM_29	921	607	Bacilli	Bacilli
Oceanobacillus_picturae_strain_S1	889	570	Bacilli	Bacilli
Lysinibacillus_sphaericus_C3_41	871	581	Bacilli	Bacilli
Lysinibacillus_fusiformis_ZB2	887	596	Bacilli	Bacilli
Listeria_monocytogenes_SLCC_7179	766	481	Bacilli	Bacilli
Listeria_monocytogenes_SLCC_2540	771	483	Bacilli	Bacilli
Listeria_monocytogenes_SLCC_2378	764	479	Bacilli	Bacilli
Listeria_monocytogenes_serotype_7_SLCC_2482	767	482	Bacilli	Bacilli
Listeria_monocytogenes_J0161_FSL_R2_499	767	482	Bacilli	Bacilli
Lactobacillus_salivarius_salivarius_UCC118	533	346	Bacilli	Bacilli
Listeria_monocytogenes_FSL_R2_561	766	481	Bacilli	Bacilli
Listeria_monocytogenes_4b_F2365	764	479	Bacilli	Bacilli
Listeria_monocytogenes_4a_L99	760	469	Bacilli	Bacilli
Listeria_grayi_DSM_20601	734	457	Bacilli	Bacilli
Leuconostoc_mesenteroides_subsp_cremoris_ATCC_19254	508	345	Bacilli	Bacilli
Leuconostoc_lactis_KACC_91922	622	408	Bacilli	Bacilli
Leuconostoc_gelidum_JB7	634	426	Bacilli	Bacilli
Leuconostoc_argentinum_KCTC_3773	601	396	Bacilli	Bacilli
Lactococcus_raffinolactis_4877	700	448	Bacilli	Bacilli
Lactococcus_lactis_subsp_lactis_Il1403	742	479	Bacilli	Bacilli
Lactococcus_garvieae_ATCC_49156	589	382	Bacilli	Bacilli
Lactobacillus_vaginalis_ATCC_49540	573	374	Bacilli	Bacilli
Lactobacillus_plantarum_WCFS1	682	430	Bacilli	Bacilli
Lactobacillus_plantarum_subsp_plantarum_ATCC_14917	669	423	Bacilli	Bacilli
Lactobacillus_hilgardii_ATCC_8290	623	416	Bacilli	Bacilli
Lactobacillus_pentosus_KCA1	745	488	Bacilli	Bacilli
Kurthia_massiliensis_JC30	820	540	Bacilli	Bacilli
Enterococcus_casseliflavus_ATCC_12755	764	509	Bacilli	Bacilli
Enterococcus_cecorum_DSM_20682	728	477	Bacilli	Bacilli
Enterococcus_dispar_ATCC_51266	698	453	Bacilli	Bacilli
Enterococcus_durans_ATCC_6056	665	426	Bacilli	Bacilli
Enterococcus_faecalis_OG1RF_ATCC_47077	647	401	Bacilli	Bacilli
Enterococcus_faecalis_TX0104	654	411	Bacilli	Bacilli
Enterococcus_faecalis_TX1322	668	417	Bacilli	Bacilli
Enterococcus_faecalis_TX2134	644	399	Bacilli	Bacilli
Enterococcus_faecalis_V583	657	412	Bacilli	Bacilli
Enterococcus_faecium_TX1330	600	376	Bacilli	Bacilli
Enterococcus_gallinarum_EG2	714	477	Bacilli	Bacilli
Enterococcus_hirae_ATCC_9790	668	437	Bacilli	Bacilli
Enterococcus_phoeniculicola_ATCC_BAA_412	732	484	Bacilli	Bacilli
Enterococcus_caccae_ATCC_BAA_1240	773	499	Bacilli	Bacilli
Enterococcus_saccharolyticus_DSM8903	732	443	Bacilli	Bacilli
Brochothrix_thermosphacta_DSM_20171	756	502	Bacilli	Bacilli
Exiguobacterium_aurantiacum_DSM_6208	831	522	Bacilli	Bacilli
Granulicatella_elegans_ATCC_700633	524	346	Bacilli	Bacilli
Granulicatella_adiacens_ATCC_49175	515	328	Bacilli	Bacilli
Brevibacillus_brevis_NBRC_100599	946	625	Bacilli	Bacilli
Brevibacillus_borstelensis_AK1	895	607	Bacilli	Bacilli
Brevibacillus_agri_BAB_2500	938	619	Bacilli	Bacilli
Brevibacillus_agri_5_2	931	625	Bacilli	Bacilli
Geobacillus_vulcani_PSS1	952	604	Bacilli	Bacilli
Geobacillus_stearothermophilus_ATCC_7953	889	561	Bacilli	Bacilli
Gemella_sanguinis_M325	528	352	Bacilli	Bacilli
Gemella_sanguinis_ATCC700632	555	359	Bacilli	Bacilli
Gemella_morbillorum_M424	518	347	Bacilli	Bacilli
Gemella_haemolysans_ATCC_10379	527	359	Bacilli	Bacilli
Enterococcus_sp_7L76	646	399	Bacilli	Bacilli
Enterococcus_avium_ATCC_14025	822	552	Bacilli	Bacilli
Paenibacillus_graminis_C4D1M	1031	712	Bacilli	Bacilli
Enterococcus_asini_ATCC_700915	698	455	Bacilli	Bacilli
Lactobacillus_paracasei_subsp_paracasei_ATCC_25302	637	388	Bacilli	Bacilli
Lactobacillus_paracasei_subsp_paracasei_8700_2	644	395	Bacilli	Bacilli
Lactobacillus_oris_F0423	625	409	Bacilli	Bacilli
Lactobacillus_mucosae_LM1	641	397	Bacilli	Bacilli
Lactobacillus_johnsonii_NCC_533	403	259	Bacilli	Bacilli
Lactobacillus_johnsonii_DPC_6026	406	264	Bacilli	Bacilli
Lactobacillus_jensenii_1153	490	324	Bacilli	Bacilli
Lactobacillus_iners_DSM_13335	436	284	Bacilli	Bacilli
Lactobacillus_helveticus_DSM_20075	461	289	Bacilli	Bacilli
Lactobacillus_helveticus_DPC_4571	494	305	Bacilli	Bacilli
Lactobacillus_gastricus_PS3	679	431	Bacilli	Bacilli
Lactobacillus_gasseri_ATCC_33323	407	263	Bacilli	Bacilli
Lactobacillus_fermentum_IFO_3956	598	376	Bacilli	Bacilli
Lactobacillus_fermentum_ATCC_14931	550	359	Bacilli	Bacilli
Lactobacillus_delbrueckii_subsp_bulgaricus_ATCC_BAA_365	428	279	Bacilli	Bacilli
Lactobacillus_delbrueckii_subsp_bulgaricus_ATCC_11842	492	310	Bacilli	Bacilli
Lactobacillus_curvatus_CRL_705	521	345	Bacilli	Bacilli
Lactobacillus_acidophilus_ATCC_4796	436	280	Bacilli	Bacilli
Lactobacillus_acidophilus_NCFM	461	287	Bacilli	Bacilli
Lactobacillus_amylolyticus_DSM_11664	382	260	Bacilli	Bacilli
Lactobacillus_amylovorus_GRL_1112	527	359	Bacilli	Bacilli
Lactobacillus_animalis_KCTC_3501	570	374	Bacilli	Bacilli
Lactobacillus_antri_DSM_16041	543	365	Bacilli	Bacilli
Lactobacillus_plantarum_JDM1	681	422	Bacilli	Bacilli
Lactobacillus_brevis_ATCC_367	487	333	Bacilli	Bacilli
Lactobacillus_buchneri_ATCC_11577	639	425	Bacilli	Bacilli
Lactobacillus_casei_ATCC_334	610	374	Bacilli	Bacilli
Lactobacillus_casei_casei_BL23	632	394	Bacilli	Bacilli
Lactobacillus_coleohominis_101_4_CHN	528	351	Bacilli	Bacilli
Lactobacillus_coryniformis_subsp_coryniformis_CECT_5711	765	502	Bacilli	Bacilli
Lactobacillus_crispatus_125_2_CHN	450	283	Bacilli	Bacilli
Lactobacillus_brevis_subsp_gravesensis_ATCC_27305	679	449	Bacilli	Bacilli
Paenibacillus_lactis_154	904	598	Bacilli	Bacilli
Abiotrophia_defectiva_ATCC_49176	598	387	Bacilli	Bacilli
Staphylococcus_capitis_CR0101	816	528	Bacilli	Bacilli
Bacillus_altitudinis_41KF2b	925	607	Bacilli	Bacilli
Staphylococcus_arlettae_CVD059	878	564	Bacilli	Bacilli
Staphylococcus_aureus_subsp_aureus_USA300_FPR3757	852	548	Bacilli	Bacilli
Staphylococcus_capitis_QN1	819	533	Bacilli	Bacilli
Staphylococcus_caprae_C87	819	536	Bacilli	Bacilli
Staphylococcus_cohnii_hu_01	962	618	Bacilli	Bacilli
Staphylococcus_epidermidis_ATCC_12228	832	527	Bacilli	Bacilli
Staphylococcus_equorum_subsp_equorum_Mu2	879	567	Bacilli	Bacilli
Staphylococcus_haemolyticus_JCSC1435	814	530	Bacilli	Bacilli
Staphylococcus_hominis_subsp_hominis_C80	813	515	Bacilli	Bacilli
Staphylococcus_intermedius_ATCC_27335	588	368	Bacilli	Bacilli
Staphylococcus_lugdunensis_HKU09_01	815	527	Bacilli	Bacilli
Staphylococcus_pasteuri_SP1	825	533	Bacilli	Bacilli
Staphylococcus_pettenkoferi_VCU012	801	522	Bacilli	Bacilli
Staphylococcus_saprophyticus_subsp_saprophyticus_ATCC_15305	866	551	Bacilli	Bacilli
Staphylococcus_sciuri_subsp_sciuri_Z8	875	564	Bacilli	Bacilli
Staphylococcus_simulans_ACS_120_V_Sch1	861	558	Bacilli	Bacilli
Staphylococcus_vitulinus_F1028	855	552	Bacilli	Bacilli
Staphylococcus_warneri_SG1	836	539	Bacilli	Bacilli
Staphylococcus_xylosus_DMB3_Bh1	878	569	Bacilli	Bacilli
Aneurinibacillus_aneurinilyticus_ATCC_12856	914	595	Bacilli	Bacilli
Bacillus_amyloliquefaciens_DSM7	932	626	Bacilli	Bacilli
Streptococcus_agalactiae_A909	655	441	Bacilli	Bacilli
Bacillus_amyloliquefaciens_subsp_amyloliquefaciens_DC_12	964	629	Bacilli	Bacilli
Bacillus_cereus_AH187_F4810_72	934	589	Bacilli	Bacilli
Bacillus_vallismortis_DV1_F_3	903	605	Bacilli	Bacilli
Bacillus_timonensis_10403023	928	603	Bacilli	Bacilli
Bacillus_thuringiensis_serovar_thuringiensis_str_T01001	967	627	Bacilli	Bacilli
Bacillus_thermoamylovorans	897	568	Bacilli	Bacilli
Bacillus_subtilis_str_168	968	653	Bacilli	Bacilli
Bacillus_sonorensis_L12	946	641	Bacilli	Bacilli
Bacillus_pumilus_ATCC_7061	923	608	Bacilli	Bacilli
Bacillus_pseudofirmus_OF4	907	592	Bacilli	Bacilli
Bacillus_nealsonii_AAU1	924	603	Bacilli	Bacilli
Bacillus_mycoides_DSM_2048	949	623	Bacilli	Bacilli
Bacillus_mojavensis_RO_H_1	979	657	Bacilli	Bacilli
Bacillus_megaterium_DSM319	1000	651	Bacilli	Bacilli
Bacillus_licheniformis_ATCC_14580	961	635	Bacilli	Bacilli
Bacillus_infantis_NRRL_B_14911	971	632	Bacilli	Bacilli
Bacillus_halodurans_C_125	952	613	Bacilli	Bacilli
Bacillus_fordii_DSM_16014	877	574	Bacilli	Bacilli
Bacillus_flexus_27Col1_1E	1019	666	Bacilli	Bacilli
Bacillus_firmus_DS1	957	606	Bacilli	Bacilli
Bacillus_endophyticus_2102	1023	690	Bacilli	Bacilli
Bacillus_clausii_KSM_K16	946	621	Bacilli	Bacilli
Bacillus_cereus_G9842	923	585	Bacilli	Bacilli
Bacillus_atrophaeus_ATCC_49822_1	960	642	Bacilli	Bacilli
Streptococcus_anginosus_1_2_62CV	539	343	Bacilli	Bacilli
Staphylococcus_xylosus_NJ	891	579	Bacilli	Bacilli
Streptococcus_constellatus_subsp_constellatus_SK53	594	376	Bacilli	Bacilli
Pediococcus_acidilactici_7_4	477	308	Bacilli	Bacilli
Streptococcus_pseudopneumoniae_IS7493	637	410	Bacilli	Bacilli
Streptococcus_pyogenes_MGAS9429	581	379	Bacilli	Bacilli
Streptococcus_australis_ATCC_700641	676	453	Bacilli	Bacilli
Streptococcus_sanguinis_SK36	715	474	Bacilli	Bacilli
Streptococcus_sp_2_1_36FAA	599	377	Bacilli	Bacilli
Streptococcus_sp_I_G2	574	351	Bacilli	Bacilli
Streptococcus_sp_I_P16	621	385	Bacilli	Bacilli
Streptococcus_thermophilus_LMG_18311	553	350	Bacilli	Bacilli
Streptococcus_thoraltensis_DSM_12221	659	438	Bacilli	Bacilli
Streptococcus_uberis_0140J	661	425	Bacilli	Bacilli
Streptococcus_vestibularis_F0396	643	418	Bacilli	Bacilli
Ureibacillus_thermosphaericus_str_Thermo_BF	779	527	Bacilli	Bacilli
Aerococcus_viridans_ATCC_11563	665	432	Bacilli	Bacilli
Weissella_cibaria_KACC_11862	619	409	Bacilli	Bacilli
Weissella_confusa_LBAE_C39_2	558	374	Bacilli	Bacilli
Weissella_paramesenteroides_ATCC_33313	490	334	Bacilli	Bacilli
Streptococcus_pneumoniae_G54	679	441	Bacilli	Bacilli
Streptococcus_peroris_ATCC_700780	612	385	Bacilli	Bacilli
Streptococcus_salivarius_JIM8777	637	425	Bacilli	Bacilli
Streptococcus_infantarius_subsp_infantarius_ATCC_BAA_102	593	373	Bacilli	Bacilli
Streptococcus_cristatus_ATCC_51100	626	418	Bacilli	Bacilli
Streptococcus_constellatus_subsp_pharyngis_SK1060	608	378	Bacilli	Bacilli
Streptococcus_equinus_ATCC_9812	586	368	Bacilli	Bacilli
Pediococcus_acidilactici_DSM_20284	474	306	Bacilli	Bacilli
Streptococcus_equi_subsp_equi_4047	550	338	Bacilli	Bacilli
Streptococcus_gallolyticus_subsp_gallolyticus_ATCC_43143	716	464	Bacilli	Bacilli
Streptococcus_gordonii_str_Challis_substr_CH1	667	433	Bacilli	Bacilli
Streptococcus_infantis_ATCC_700779	617	398	Bacilli	Bacilli
Streptococcus_intermedius_JTH08	597	380	Bacilli	Bacilli
Streptococcus_dysgalactiae_subsp_dysgalactiae_ATCC_27957	637	407	Bacilli	Bacilli
Streptococcus_mitis_NCTC_12261	614	405	Bacilli	Bacilli
Streptococcus_mutans_ATCC_25175	671	428	Bacilli	Bacilli
Pediococcus_pentosaceus_ATCC_25745	569	375	Bacilli	Bacilli
Streptococcus_oralis_Uo5	655	427	Bacilli	Bacilli
Streptococcus_parasanguinis_ATCC_903	669	443	Bacilli	Bacilli
Streptococcus_parauberis_KCTC_11537	681	430	Bacilli	Bacilli
Streptococcus_lutetiensis_033	665	430	Bacilli	Bacilli
Bacteroides_eggerthii_1_2_48FAA	702	475	Bacteroidia	Bacteroidia
Bacteroides_coprocola_M16_DSM_17136	659	435	Bacteroidia	Bacteroidia
Bacteroides_clarus_YIT_12056	779	522	Bacteroidia	Bacteroidia
Bacteroides_coprophilus_DSM_18228	676	440	Bacteroidia	Bacteroidia
Bacteroides_cellulosilyticus_DSM_14838	740	494	Bacteroidia	Bacteroidia
Bacteroides_caccae_ATCC_43185	704	473	Bacteroidia	Bacteroidia
Bacteroides_dorei_DSM_17855	747	504	Bacteroidia	Bacteroidia
Parabacteroides_distasonis_ATCC_8503	750	511	Bacteroidia	Bacteroidia
Alloprevotella_tannerae_ATCC_51259	555	365	Bacteroidia	Bacteroidia
Alistipes_indistinctus_YIT_12060	696	484	Bacteroidia	Bacteroidia
Alistipes_onderdonkii_DSM_19147	692	465	Bacteroidia	Bacteroidia
Alistipes_putredinis_DSM_17216	477	314	Bacteroidia	Bacteroidia
Alistipes_shahii_WAL_8301	624	452	Bacteroidia	Bacteroidia
Dysgonomonas_gadei_ATCC_BAA_286	777	527	Bacteroidia	Bacteroidia
Tannerella_forsythia_ATCC_43037	677	472	Bacteroidia	Bacteroidia
Butyricimonas_virosa_DSM_23226	685	480	Bacteroidia	Bacteroidia
Butyricimonas_synergistica_DSM_23225	698	473	Bacteroidia	Bacteroidia
Alistipes_finegoldii_DSM_17242	676	454	Bacteroidia	Bacteroidia
Bacteroides_eggerthii_DSM_20697	709	476	Bacteroidia	Bacteroidia
Bacteroides_sp_3_2_5	732	497	Bacteroidia	Bacteroidia
Bacteroides_finegoldii_DSM_17565	697	464	Bacteroidia	Bacteroidia
Bacteroides_sp_2_2_4	743	497	Bacteroidia	Bacteroidia
Bacteroides_sp_2_1_7	755	510	Bacteroidia	Bacteroidia
Bacteroides_sp_2_1_33B	739	507	Bacteroidia	Bacteroidia
Bacteroides_vulgatus_ATCC_8482	747	512	Bacteroidia	Bacteroidia
Bacteroides_xylanisolvens_SD_CC_1b	727	487	Bacteroidia	Bacteroidia
Bacteroides_xylanisolvens_XB1A	724	483	Bacteroidia	Bacteroidia
Barnesiella_intestinihominis_YIT_11860	583	395	Bacteroidia	Bacteroidia
Bacteroides_sp_2_1_22	726	486	Bacteroidia	Bacteroidia
Bacteroides_sp_20_3	744	512	Bacteroidia	Bacteroidia
Bacteroides_sp_3_1_19	759	514	Bacteroidia	Bacteroidia
Porphyromonas_asaccharolytica_DSM_20707	598	390	Bacteroidia	Bacteroidia
Porphyromonas_gingivalis_W83	553	361	Bacteroidia	Bacteroidia
Porphyromonas_somerae_DSM_23386	564	395	Bacteroidia	Bacteroidia
Porphyromonas_uenonis_60_3	594	393	Bacteroidia	Bacteroidia
Porphyromonas_uenonis_DSM_23387	580	395	Bacteroidia	Bacteroidia
Prevotella_albensis_DSM_11370	659	462	Bacteroidia	Bacteroidia
Prevotella_bivia_DSM_20514	591	403	Bacteroidia	Bacteroidia
Prevotella_brevis_ATCC_19188	704	484	Bacteroidia	Bacteroidia
Prevotella_bryantii_B14	717	484	Bacteroidia	Bacteroidia
Prevotella_bryantii_C21a	709	482	Bacteroidia	Bacteroidia
Porphyromonas_endodontalis_ATCC_35406	568	384	Bacteroidia	Bacteroidia
Prevotella_buccae_ATCC_33574	703	466	Bacteroidia	Bacteroidia
Bacteroides_sp_3_1_23	750	493	Bacteroidia	Bacteroidia
Bacteroides_uniformis_ATCC_8492	720	483	Bacteroidia	Bacteroidia
Parabacteroides_goldsteinii_dnLKV18	817	561	Bacteroidia	Bacteroidia
Parabacteroides_gordonii_DSM_23371	811	562	Bacteroidia	Bacteroidia
Parabacteroides_johnsonii_DSM_18315	739	493	Bacteroidia	Bacteroidia
Parabacteroides_merdae_ATCC_43184	735	490	Bacteroidia	Bacteroidia
Parabacteroides_sp_D13	759	514	Bacteroidia	Bacteroidia
Bacteroides_sp_4_1_36	723	488	Bacteroidia	Bacteroidia
Bacteroides_sp_4_3_47FAA	732	500	Bacteroidia	Bacteroidia
Bacteroides_sp_9_1_42FAA	753	507	Bacteroidia	Bacteroidia
Odoribacter_splanchnicus_1651_6_DSM_20712	691	465	Bacteroidia	Bacteroidia
Bacteroides_sp_3_1_33FAA	756	510	Bacteroidia	Bacteroidia
Odoribacter_laneus_YIT_12061	752	520	Bacteroidia	Bacteroidia
Paraprevotella_xylaniphila_YIT_11841	714	486	Bacteroidia	Bacteroidia
Bacteroides_sp_D1	726	486	Bacteroidia	Bacteroidia
Bacteroides_sp_D2	773	506	Bacteroidia	Bacteroidia
Bacteroides_sp_D20	716	486	Bacteroidia	Bacteroidia
Bacteroides_faecis_MAJ27	798	545	Bacteroidia	Bacteroidia
Bacteroides_sp_D22	733	489	Bacteroidia	Bacteroidia
Bacteroides_stercoris_ATCC_43183	704	474	Bacteroidia	Bacteroidia
Bacteroides_thetaiotaomicron_VPI_5482	711	485	Bacteroidia	Bacteroidia
Bacteroides_timonensis_AP1	804	548	Bacteroidia	Bacteroidia
Paraprevotella_clara_YIT_11840	724	483	Bacteroidia	Bacteroidia
Prevotella_conceptionensis_9403948	613	394	Bacteroidia	Bacteroidia
Bacteroides_sp_3_1_40A	744	502	Bacteroidia	Bacteroidia
Prevotella_corporis_DSM_18810	579	393	Bacteroidia	Bacteroidia
Prevotella_stercorea_DSM_18206	485	322	Bacteroidia	Bacteroidia
Prevotella_copri_CB7_DSM_18205	621	400	Bacteroidia	Bacteroidia
Bacteroides_fragilis_YCH46	725	496	Bacteroidia	Bacteroidia
Prevotella_timonensis_4401737	596	396	Bacteroidia	Bacteroidia
Prevotella_timonensis_CRIS_5C_B1	578	385	Bacteroidia	Bacteroidia
Prevotella_veroralis_DSM_19559	598	392	Bacteroidia	Bacteroidia
Bacteroides_graminisolvens_DSM_19988	771	522	Bacteroidia	Bacteroidia
Bacteroides_sp_1_1_6	711	480	Bacteroidia	Bacteroidia
Bacteroides_sp_1_1_30	720	482	Bacteroidia	Bacteroidia
Bacteroides_sp_1_1_14	712	481	Bacteroidia	Bacteroidia
Bacteroides_salyersiae_WAL_10018	796	542	Bacteroidia	Bacteroidia
Bacteroides_intestinalis_341_DSM_17393	735	495	Bacteroidia	Bacteroidia
Bacteroides_massiliensis_B846dnLKV334	754	522	Bacteroidia	Bacteroidia
Bacteroides_nordii_CL02T12C05	803	542	Bacteroidia	Bacteroidia
Bacteroides_pyogenes_DSM20611	723	497	Bacteroidia	Bacteroidia
Bacteroides_plebeius_M12_DSM_17135	683	451	Bacteroidia	Bacteroidia
Bacteroides_oleiciplenus_YIT_12058	831	566	Bacteroidia	Bacteroidia
Bacteroides_ovatus_ATCC_8483	752	491	Bacteroidia	Bacteroidia
Bacteroides_ovatus_SD_CC_2a	727	488	Bacteroidia	Bacteroidia
Prevotella_shahii_JCM_12083	632	412	Bacteroidia	Bacteroidia
Bacteroides_fragilis_NCTC_9343	720	491	Bacteroidia	Bacteroidia
Bacteroides_ovatus_SD_CMC_3f	743	495	Bacteroidia	Bacteroidia
Prevotella_intermedia_ATCC_25611	564	374	Bacteroidia	Bacteroidia
Prevotella_disiens_JCM_6334	574	382	Bacteroidia	Bacteroidia
Prevotella_enoeca_JCM_12259	606	393	Bacteroidia	Bacteroidia
Prevotella_intermedia_17	575	375	Bacteroidia	Bacteroidia
Prevotella_denticola_DSM20614	633	415	Bacteroidia	Bacteroidia
Prevotella_loescheii_DSM_19665	642	410	Bacteroidia	Bacteroidia
Prevotella_melaninogenica_ATCC_25845	615	414	Bacteroidia	Bacteroidia
Prevotella_disiens_FB035_09AN	578	382	Bacteroidia	Bacteroidia
Prevotella_nigrescens_ATCC_33563	583	379	Bacteroidia	Bacteroidia
Prevotella_nanceiensis_DSM_19126	584	388	Bacteroidia	Bacteroidia
Prevotella_pallens_ATCC_700821	589	390	Bacteroidia	Bacteroidia
Prevotella_ruminicola_23	701	491	Bacteroidia	Bacteroidia
Prevotella_salivae_DSM_15606	563	367	Bacteroidia	Bacteroidia
Bacteroides_fluxus_YIT_12057	798	536	Bacteroidia	Bacteroidia
Bacteroides_fragilis_3_1_12	742	496	Bacteroidia	Bacteroidia
Bacteroides_fragilis_638R	722	494	Bacteroidia	Bacteroidia
Prevotella_oralis_ATCC_33269	668	446	Bacteroidia	Bacteroidia
Prevotella_denticola_F0289	637	416	Bacteroidia	Bacteroidia
Neisseria_macacae_ATCC_33926	718	479	Betaproteobacteria	Betaproteobacteria
Neisseria_mucosa_ATCC_25996	748	493	Betaproteobacteria	Betaproteobacteria
Neisseria_subflava_NJ9703	743	492	Betaproteobacteria	Betaproteobacteria
Neisseria_flavescens_SK114	741	488	Betaproteobacteria	Betaproteobacteria
Neisseria_elongata_subsp_glycolytica_ATCC_29315	713	457	Betaproteobacteria	Betaproteobacteria
Parasutterella_excrementihominis_YIT_11859	666	435	Betaproteobacteria	Betaproteobacteria
Alcaligenes_faecalis_subsp_faecalis_NCIB_8687	875	587	Betaproteobacteria	Betaproteobacteria
Sutterella_wadsworthensis_3_1_45B	578	369	Betaproteobacteria	Betaproteobacteria
Eikenella_corrodens_ATCC_23834	668	440	Betaproteobacteria	Betaproteobacteria
Alcaligenes_faecalis_subsp_faecalis_NBRC_13111	853	581	Betaproteobacteria	Betaproteobacteria
Comamonas_testosteroni_CNB_2	941	620	Betaproteobacteria	Betaproteobacteria
Achromobacter_xylosoxidans_NBRC_15126	934	647	Betaproteobacteria	Betaproteobacteria
Delftia_acidovorans_SPH_1	980	644	Betaproteobacteria	Betaproteobacteria
Ralstonia_sp_5_7_47FAA	916	610	Betaproteobacteria	Betaproteobacteria
Oxalobacter_formigenes_OXCC13	596	398	Betaproteobacteria	Betaproteobacteria
Sutterella_parvirubra_YIT_11816	561	377	Betaproteobacteria	Betaproteobacteria
Oxalobacter_formigenes_HOxBLS	587	386	Betaproteobacteria	Betaproteobacteria
Neisseria_cinerea_ATCC_14685	659	430	Betaproteobacteria	Betaproteobacteria
Achromobacter_xylosoxidans_A8	971	672	Betaproteobacteria	Betaproteobacteria
Kingella_oralis_ATCC_51147	666	454	Betaproteobacteria	Betaproteobacteria
Bordetella_hinzii_OH87_BAL007II	919	619	Betaproteobacteria	Betaproteobacteria
Burkholderiales_bacterium_1_1_47	539	354	Betaproteobacteria	Betaproteobacteria
Methyloversatilis_universalis_FAM5	822	535	Betaproteobacteria	Betaproteobacteria
Burkholderia_cepacia_GG4	1009	698	Betaproteobacteria	Betaproteobacteria
Laribacter_hongkongensis_HLHK9	764	478	Betaproteobacteria	Betaproteobacteria
Lautropia_mirabilis_ATCC_51599	809	524	Betaproteobacteria	Betaproteobacteria
Methyloversatilis_universalis_Fam50001	833	543	Betaproteobacteria	Betaproteobacteria
Clostridium_paraputrificum_AGR2156	773	489	Clostridia	Clostridia
Clostridium_perfringens_ATCC_13124	718	485	Clostridia	Clostridia
Clostridium_saccharoperbutylacetonicum_N1_4HMT	908	587	Clostridia	Clostridia
Clostridium_sartagoforme_AAU1	786	506	Clostridia	Clostridia
Clostridium_scindens_ATCC_35704	613	414	Clostridia	Clostridia
Clostridium_methylpentosum_R2_DSM_5476	526	349	Clostridia	Clostridia
Anaerotruncus_colihominis_DSM_17241	611	409	Clostridia	Clostridia
Clostridium_symbiosum_WAL_14163	732	472	Clostridia	Clostridia
Clostridium_methoxybenzovorans_SR3	895	599	Clostridia	Clostridia
Clostridium_leptum_DSM_753	555	375	Clostridia	Clostridia
Clostridium_sordellii_ATCC_9714	710	481	Clostridia	Clostridia
Clostridium_nexile_DSM_1787	579	372	Clostridia	Clostridia
Clostridium_botulinum_E1_str_BoNT_E_Beluga	774	518	Clostridia	Clostridia
Butyricicoccus_pullicaecorum_12	716	471	Clostridia	Clostridia
Blautia_wexlerae_DSM_19850	757	497	Clostridia	Clostridia
Blautia_producta_DSM_2950	770	485	Clostridia	Clostridia
Blautia_obeum_ATCC_29174	718	482	Clostridia	Clostridia
Blautia_hydrogenotrophica_DSM_10507	664	448	Clostridia	Clostridia
Blautia_hansenii_VPI_C7_24_DSM_20583	597	402	Clostridia	Clostridia
Clostridium_sporosphaeroides_DSM_1294	728	466	Clostridia	Clostridia
Clostridium_sp_7_2_43FAA	686	441	Clostridia	Clostridia
Clostridium_sp_L2_50	564	360	Clostridia	Clostridia
Clostridium_sp_M62_1	612	409	Clostridia	Clostridia
Clostridium_sp_SS2_1	690	429	Clostridia	Clostridia
Clostridium_sp_SY8519	714	414	Clostridia	Clostridia
Clostridium_sticklandii_DSM_519	699	488	Clostridia	Clostridia
Clostridium_symbiosum_ATCC_14940	801	528	Clostridia	Clostridia
Clostridium_sporogenes_ATCC_15579	714	445	Clostridia	Clostridia
Clostridium_botulinum_Bf	747	495	Clostridia	Clostridia
Clostridium_indolis_DSM_755	887	595	Clostridia	Clostridia
Clostridium_hiranonis_TO_931_DSM_13275	542	355	Clostridia	Clostridia
Clostridium_acetobutylicum_ATCC_824	851	541	Clostridia	Clostridia
Clostridium_asparagiforme_DSM_15981	759	482	Clostridia	Clostridia
Clostridium_bartlettii_DSM_16795	625	399	Clostridia	Clostridia
Clostridium_beijerinckii_NCIMB_8052	899	588	Clostridia	Clostridia
Clostridium_bifermentans_ATCC_19299	709	478	Clostridia	Clostridia
Clostridium_bolteae_ATCC_BAA_613	827	519	Clostridia	Clostridia
Clostridium_botulinum_A_str_ATCC_19397	757	503	Clostridia	Clostridia
Clostridium_botulinum_A_str_ATCC_3502	732	480	Clostridia	Clostridia
Clostridium_botulinum_A_str_Hall	751	497	Clostridia	Clostridia
Clostridium_cellobioparum_DSM_1351	841	544	Clostridia	Clostridia
Clostridium_celatum_DSM_1785	768	513	Clostridia	Clostridia
Clostridium_cadaveris_AGR2141	701	470	Clostridia	Clostridia
Clostridium_butyricum_E4_str_BoNT_E_BL5262	804	498	Clostridia	Clostridia
Clostridium_butyricum_DSM_10702	818	503	Clostridia	Clostridia
Clostridium_botulinum_F_str_230613	750	499	Clostridia	Clostridia
Clostridiales_sp_1_7_47FAA	788	509	Clostridia	Clostridia
Anaerostipes_sp_3_2_56FAA	760	466	Clostridia	Clostridia
Anaerostipes_hadrus_DSM_3319	690	425	Clostridia	Clostridia
Anaerostipes_caccae_DSM_14662	751	468	Clostridia	Clostridia
Clostridium_hathewayi_DSM_13479	797	530	Clostridia	Clostridia
Clostridium_hathewayi_12489931	832	568	Clostridia	Clostridia
Clostridium_glycolicum_ATCC_14880	769	523	Clostridia	Clostridia
Butyrivibrio_crossotus_DSM_2876	535	346	Clostridia	Clostridia
Clostridium_difficile_R20291	746	464	Clostridia	Clostridia
Clostridium_difficile_NAP08	731	467	Clostridia	Clostridia
Clostridium_difficile_NAP07	730	467	Clostridia	Clostridia
Clostridium_hylemonae_DSM_15053	679	455	Clostridia	Clostridia
Clostridium_difficile_CD196	752	469	Clostridia	Clostridia
Clostridium_clariflavum_DSM_19732	730	461	Clostridia	Clostridia
Clostridium_citroniae_WAL_17108	845	570	Clostridia	Clostridia
Anaerococcus_hydrogenalis_DSM_7454	489	319	Clostridia	Clostridia
Butyrivibrio_fibrisolvens_16_4	650	428	Clostridia	Clostridia
Cellulosilyticum_lentocellum_DSM_5427	730	492	Clostridia	Clostridia
Bacteroides_pectinophilus_ATCC_43243	533	358	Clostridia	Clostridia
Anaerofustis_stercorihominis_DSM_17244	554	332	Clostridia	Clostridia
Clostridium_clostridioforme_CM201	839	549	Clostridia	Clostridia
Clostridium_symbiosum_WAL_14673	719	466	Clostridia	Clostridia
Flavonifractor_plautii_ATCC_29863	702	465	Clostridia	Clostridia
Clostridium_viride_DSM_6836	604	399	Clostridia	Clostridia
Oribacterium_sinus_F0268	628	402	Clostridia	Clostridia
Mogibacterium_timidum_ATCC_33093	479	318	Clostridia	Clostridia
Marvinbryantia_formatexigens_I_52_DSM_14469	649	422	Clostridia	Clostridia
Clostridium_tyrobutyricum_DSM_2637	815	517	Clostridia	Clostridia
Lachnospiraceae_bacterium_sp_8_1_57FAA	601	385	Clostridia	Clostridia
Lachnospiraceae_bacterium_sp_5_1_63FAA	710	440	Clostridia	Clostridia
Filifactor_alocis_ATCC_35896	462	321	Clostridia	Clostridia
Faecalibacterium_prausnitzii_SL3_3	695	463	Clostridia	Clostridia
Faecalibacterium_prausnitzii_M21_2	698	461	Clostridia	Clostridia
Faecalibacterium_prausnitzii_L2_6	588	382	Clostridia	Clostridia
Faecalibacterium_prausnitzii_A2_165	636	430	Clostridia	Clostridia
Faecalibacterium_cf_prausnitzii_KLE1255	624	395	Clostridia	Clostridia
Eubacterium_ventriosum_ATCC_27560	542	353	Clostridia	Clostridia
Eubacterium_sulci_ATCC_35585	504	349	Clostridia	Clostridia
Eubacterium_siraeum_DSM_15702	486	327	Clostridia	Clostridia
Eubacterium_siraeum_70_3	485	320	Clostridia	Clostridia
Eubacterium_saphenum_ATCC_49989	415	280	Clostridia	Clostridia
Eubacterium_rectale_M104_1	637	407	Clostridia	Clostridia
Eubacterium_rectale_ATCC_33656	665	415	Clostridia	Clostridia
Eubacterium_ramulus_ATCC_29099	690	421	Clostridia	Clostridia
Eubacterium_limosum_KIST612	754	502	Clostridia	Clostridia
Eubacterium_hallii_L2_7	639	432	Clostridia	Clostridia
Eubacterium_hallii_DSM_3353	602	395	Clostridia	Clostridia
Parvimonas_micra_ATCC_33270	370	242	Clostridia	Clostridia
Peptostreptococcus_anaerobius_DSM_2949	623	399	Clostridia	Clostridia
Peptostreptococcus_stomatis_DSM_17678	539	360	Clostridia	Clostridia
Pseudobutyrivibrio_ruminis_AD2017	699	461	Clostridia	Clostridia
Veillonella_sp_6_1_27	653	425	Clostridia	Clostridia
Veillonella_sp_3_1_44	644	421	Clostridia	Clostridia
Subdoligranulum_variabile_DSM_15176	599	392	Clostridia	Clostridia
Ruminococcus_torques_L2_14	672	432	Clostridia	Clostridia
Ruminococcus_torques_ATCC_27756	589	374	Clostridia	Clostridia
Ruminococcus_sp_SR1_5	686	444	Clostridia	Clostridia
Ruminococcus_sp_5_1_39BFAA	709	447	Clostridia	Clostridia
Ruminococcus_obeum_A2_162	676	437	Clostridia	Clostridia
Ruminococcus_lactaris_ATCC_29176	584	382	Clostridia	Clostridia
Ruminococcus_gnavus_ATCC_29149	665	425	Clostridia	Clostridia
Ruminococcus_gauvreauii_DSM_19829	780	514	Clostridia	Clostridia
Eubacterium_eligens_ATCC_27750	692	458	Clostridia	Clostridia
Ruminococcus_flavefaciens_FD_1	693	433	Clostridia	Clostridia
Ruminococcus_champanellensis_18P13	522	328	Clostridia	Clostridia
Ruminococcus_callidus_ATCC_2776001	650	417	Clostridia	Clostridia
Ruminococcus_bromii_L2_63	489	308	Clostridia	Clostridia
Ruminococcus_bicirculans_80_3	545	333	Clostridia	Clostridia
Ruminococcus_albus_7	695	437	Clostridia	Clostridia
Ruminococcaceae_bacterium_D16	597	402	Clostridia	Clostridia
Roseburia_inulinivorans_DSM_16841	607	401	Clostridia	Clostridia
Roseburia_intestinalis_L1_82	637	413	Clostridia	Clostridia
Roseburia_hominis_A2_183	675	417	Clostridia	Clostridia
Pseudoramibacter_alactolyticus_ATCC_23263	654	429	Clostridia	Clostridia
Pseudoflavonifractor_capillosus_strain_ATCC_29799	618	400	Clostridia	Clostridia
Ruminococcus_flavefaciens_ATCC_19208	642	429	Clostridia	Clostridia
Eubacterium_desmolans_ATCC_43058	653	427	Clostridia	Clostridia
Lachnospira_multipara_ATCC_19207	662	441	Clostridia	Clostridia
Eubacterium_cellulosolvens_6	678	440	Clostridia	Clostridia
Coprococcus_comes_ATCC_27758	625	402	Clostridia	Clostridia
Dorea_longicatena_DSM_13814	631	406	Clostridia	Clostridia
Dorea_formicigenerans_ATCC_27755	718	478	Clostridia	Clostridia
Coprococcus_catus_GD_7	745	481	Clostridia	Clostridia
Eubacterium_brachy_ATCC_33089	434	312	Clostridia	Clostridia
Coprococcus_eutactus_ATCC_27759	592	383	Clostridia	Clostridia
Eggerthella_lenta_DSM_2243	523	338	Coriobacteriia	Coriobacteriia
Adlercreutzia_equolifaciens_DSM_19450	507	329	Coriobacteriia	Coriobacteriia
Eggerthella_sp_1_3_56FAA	558	359	Coriobacteriia	Coriobacteriia
Collinsella_tanakaei_YIT_12063	682	447	Coriobacteriia	Coriobacteriia
Slackia_exigua_ATCC_700122	569	373	Coriobacteriia	Coriobacteriia
Gordonibacter_pamelaeae_7_10_1_bT_DSM_19378	506	332	Coriobacteriia	Coriobacteriia
Olsenella_profusa_F019501	701	475	Coriobacteriia	Coriobacteriia
Collinsella_aerofaciens_ATCC_25986	551	349	Coriobacteriia	Coriobacteriia
Collinsella_intestinalis_DSM_13280	441	277	Coriobacteriia	Coriobacteriia
Collinsella_stercoris_DSM_13279	504	314	Coriobacteriia	Coriobacteriia
Atopobium_minutum_10063974	499	316	Coriobacteriia	Coriobacteriia
Atopobium_parvulum_DSM_20469	517	334	Coriobacteriia	Coriobacteriia
Atopobium_rimae_ATCC_49626	544	368	Coriobacteriia	Coriobacteriia
Slackia_piriformis_YIT_12062	574	394	Coriobacteriia	Coriobacteriia
Olsenella_uli_DSM_7084	608	399	Coriobacteriia	Coriobacteriia
Cryptobacterium_curtum_DSM_15641	519	352	Coriobacteriia	Coriobacteriia
Eggerthella_sp_YY7918	538	350	Coriobacteriia	Coriobacteriia
Bilophila_wadsworthia_3_1_6	694	446	Deltaproteobacteria	Deltaproteobacteria
Desulfovibrio_sp_3_1_syn3	675	422	Deltaproteobacteria	Deltaproteobacteria
Desulfovibrio_piger_ATCC_29098	617	384	Deltaproteobacteria	Deltaproteobacteria
Desulfovibrio_desulfuricans_subsp_desulfuricans_DSM_642	766	493	Deltaproteobacteria	Deltaproteobacteria
Campylobacter_jejuni_jejuni_81_176	574	378	Epsilonproteobacteria	Epsilonproteobacteria
Campylobacter_jejuni_jejuni_ICDCCJ07004	575	382	Epsilonproteobacteria	Epsilonproteobacteria
Helicobacter_bilis_ATCC_43879	569	370	Epsilonproteobacteria	Epsilonproteobacteria
Helicobacter_cinaedi_CCUG_18818	576	376	Epsilonproteobacteria	Epsilonproteobacteria
Helicobacter_pullorum_MIT_98_5489	568	371	Epsilonproteobacteria	Epsilonproteobacteria
Helicobacter_pylori_26695	507	341	Epsilonproteobacteria	Epsilonproteobacteria
Helicobacter_winghamensis_ATCC_BAA_430	548	359	Epsilonproteobacteria	Epsilonproteobacteria
Arcobacter_butzleri_RM4018	683	460	Epsilonproteobacteria	Epsilonproteobacteria
Helicobacter_canadensis_MIT_98_5491	572	368	Epsilonproteobacteria	Epsilonproteobacteria
Campylobacter_upsaliensis_JV21	542	349	Epsilonproteobacteria	Epsilonproteobacteria
Bacteroides_ureolyticus_DSM_20703	619	408	Epsilonproteobacteria	Epsilonproteobacteria
Campylobacter_rectus_RM3267	613	402	Epsilonproteobacteria	Epsilonproteobacteria
Campylobacter_showae_CSUNSWCD	607	402	Epsilonproteobacteria	Epsilonproteobacteria
Campylobacter_hyointestinalis_subsp_hyointestinalis_LMG_9260	643	439	Epsilonproteobacteria	Epsilonproteobacteria
Campylobacter_hominis_ATCC_BAA_381	548	344	Epsilonproteobacteria	Epsilonproteobacteria
Campylobacter_lari_RM2100	591	394	Epsilonproteobacteria	Epsilonproteobacteria
Campylobacter_gracilis_RM3268	603	396	Epsilonproteobacteria	Epsilonproteobacteria
Campylobacter_jejuni_jejuni_NCTC_11168	579	382	Epsilonproteobacteria	Epsilonproteobacteria
Campylobacter_fetus_subsp_fetus_82_40	659	443	Epsilonproteobacteria	Epsilonproteobacteria
Campylobacter_jejuni_jejuni_M1	562	368	Epsilonproteobacteria	Epsilonproteobacteria
Campylobacter_coli_JV20	582	375	Epsilonproteobacteria	Epsilonproteobacteria
Campylobacter_concisus_13826	533	351	Epsilonproteobacteria	Epsilonproteobacteria
Campylobacter_curvus_52592	558	370	Epsilonproteobacteria	Epsilonproteobacteria
Coprobacillus_sp_D7	623	388	Erysipelotrichia	Erysipelotrichia
Clostridium_spiroforme_DSM_1552	585	355	Erysipelotrichia	Erysipelotrichia
Eubacterium_biforme_DSM_3989	518	323	Erysipelotrichia	Erysipelotrichia
Streptococcus_pleomorphus_DSM_20574	637	402	Erysipelotrichia	Erysipelotrichia
Kandleria_vitulina_DSM_20405	664	424	Erysipelotrichia	Erysipelotrichia
Clostridium_ramosum_VPI_0427_DSM_1402	646	402	Erysipelotrichia	Erysipelotrichia
Clostridium_saccharogumia_DSM_17460	697	442	Erysipelotrichia	Erysipelotrichia
Stoquefichus_massiliensis_AP9	690	448	Erysipelotrichia	Erysipelotrichia
Eggerthia_catenaformis_OT_569	572	366	Erysipelotrichia	Erysipelotrichia
Clostridium_innocuum_2959	744	475	Erysipelotrichia	Erysipelotrichia
Solobacterium_moorei_F0204	505	348	Erysipelotrichia	Erysipelotrichia
Solobacterium_moorei_DSM_22971	505	348	Erysipelotrichia	Erysipelotrichia
Holdemania_filiformis_VPI_J1_31B_1_DSM_12042	525	329	Erysipelotrichia	Erysipelotrichia
Catenibacterium_mitsuokai_DSM_15897	563	353	Erysipelotrichia	Erysipelotrichia
Eubacterium_dolichum_DSM_3991	477	300	Erysipelotrichia	Erysipelotrichia
Erysipelotrichaceae_bacterium_sp_3_1_53	666	424	Erysipelotrichia	Erysipelotrichia
Erysipelotrichaceae_bacterium_5_2_54FAA	582	363	Erysipelotrichia	Erysipelotrichia
Eubacterium_cylindroides_T2_87	460	274	Erysipelotrichia	Erysipelotrichia
Coprobacillus_sp_29_1	614	383	Erysipelotrichia	Erysipelotrichia
Bulleidia_extructa_W1219	422	284	Erysipelotrichia	Erysipelotrichia
Capnocytophaga_sputigena_ATCC_33612	643	440	Flavobacteriia	Flavobacteriia
Capnocytophaga_granulosa_ATCC_51502	603	412	Flavobacteriia	Flavobacteriia
Capnocytophaga_ochracea_DSM_7271	613	418	Flavobacteriia	Flavobacteriia
Leptotrichia_buccalis_C_1013_b	686	456	Fusobacteriia	Fusobacteriia
Fusobacterium_gonidiaformans_3_1_5R	522	346	Fusobacteriia	Fusobacteriia
Fusobacterium_gonidiaformans_ATCC_25563	524	350	Fusobacteriia	Fusobacteriia
Fusobacterium_mortiferum_ATCC_9817	653	425	Fusobacteriia	Fusobacteriia
Fusobacterium_necrophorum_D12	567	372	Fusobacteriia	Fusobacteriia
Fusobacterium_nucleatum_subsp_animalis_3_1_33	547	360	Fusobacteriia	Fusobacteriia
Fusobacterium_varium_ATCC_27725	706	455	Fusobacteriia	Fusobacteriia
Fusobacterium_nucleatum_subsp_animalis_7_1	544	361	Fusobacteriia	Fusobacteriia
Fusobacterium_periodonticum_1_1_41FAA	571	385	Fusobacteriia	Fusobacteriia
Fusobacterium_nucleatum_subsp_nucleatum_ATCC_25586	613	394	Fusobacteriia	Fusobacteriia
Fusobacterium_nucleatum_subsp_vincentii_3_1_27	544	361	Fusobacteriia	Fusobacteriia
Fusobacterium_nucleatum_subsp_vincentii_3_1_36A2	579	359	Fusobacteriia	Fusobacteriia
Fusobacterium_nucleatum_subsp_vincentii_4_1_13	543	358	Fusobacteriia	Fusobacteriia
Fusobacterium_periodonticum_2_1_31	554	373	Fusobacteriia	Fusobacteriia
Fusobacterium_ulcerans_ATCC_49185	686	450	Fusobacteriia	Fusobacteriia
Fusobacterium_nucleatum_subsp_animalis_D11	556	365	Fusobacteriia	Fusobacteriia
Cetobacterium_somerae_ATCC_BAA_47401	769	520	Fusobacteriia	Fusobacteriia
Fusobacterium_russii_ATCC_25533	640	415	Fusobacteriia	Fusobacteriia
Fusobacterium_sp_4_8	569	354	Fusobacteriia	Fusobacteriia
Raoultella_planticola_ATCC_33531	1087	774	Gammaproteobacteria	Gammaproteobacteria
Cronobacter_sakazakii_ATCC_BAA_894	974	669	Gammaproteobacteria	Gammaproteobacteria
Shigella_sonnei_Ss046	1041	715	Gammaproteobacteria	Gammaproteobacteria
Serratia_marcescens_Db11	1025	713	Gammaproteobacteria	Gammaproteobacteria
Shigella_flexneri_2002017	1021	698	Gammaproteobacteria	Gammaproteobacteria
Serratia_liquefaciens_ATCC_27592	1044	728	Gammaproteobacteria	Gammaproteobacteria
Shigella_dysenteriae_Sd197	959	665	Gammaproteobacteria	Gammaproteobacteria
Salmonella_enterica_enterica_sv_Typhimurium_LT2	1013	686	Gammaproteobacteria	Gammaproteobacteria
Serratia_fonticola_RB_25	1046	716	Gammaproteobacteria	Gammaproteobacteria
Aeromonas_veronii_B565	944	630	Gammaproteobacteria	Gammaproteobacteria
Sphingomonas_paucimobilis_HER1398	761	548	Gammaproteobacteria	Gammaproteobacteria
Yersinia_enterocolitica_subsp_enterocolitica_8081	1006	693	Gammaproteobacteria	Gammaproteobacteria
Yersinia_frederiksenii_ATCC_33641	1047	726	Gammaproteobacteria	Gammaproteobacteria
Yersinia_kristensenii_ATCC_33638	1015	701	Gammaproteobacteria	Gammaproteobacteria
Yersinia_pseudotuberculosis_YPIII	992	681	Gammaproteobacteria	Gammaproteobacteria
Actinobacillus_pleuropneumoniae_L20	820	538	Gammaproteobacteria	Gammaproteobacteria
Acinetobacter_radioresistens_NIPH_2130	836	551	Gammaproteobacteria	Gammaproteobacteria
Yersinia_bercovieri_ATCC_43970	999	684	Gammaproteobacteria	Gammaproteobacteria
Acinetobacter_pittii_ANC_4052	917	620	Gammaproteobacteria	Gammaproteobacteria
Acinetobacter_junii_SH205	760	498	Gammaproteobacteria	Gammaproteobacteria
Acinetobacter_johnsonii_SH046	827	548	Gammaproteobacteria	Gammaproteobacteria
Acinetobacter_haemolyticus_NIPH_261	850	565	Gammaproteobacteria	Gammaproteobacteria
Acinetobacter_calcoaceticus_PHEA_2	910	610	Gammaproteobacteria	Gammaproteobacteria
Acinetobacter_baumannii_AB0057	922	623	Gammaproteobacteria	Gammaproteobacteria
Yersinia_rohdei_ATCC_43380	1011	694	Gammaproteobacteria	Gammaproteobacteria
Acinetobacter_lwoffii_WJ10621	792	515	Gammaproteobacteria	Gammaproteobacteria
Vibrio_parahaemolyticus_RIMD_2210633	972	665	Gammaproteobacteria	Gammaproteobacteria
Vibrio_mimicus_MB_451	941	638	Gammaproteobacteria	Gammaproteobacteria
Vibrio_furnissii_NCTC_11218	1000	684	Gammaproteobacteria	Gammaproteobacteria
Stenotrophomonas_maltophilia_D457	900	589	Gammaproteobacteria	Gammaproteobacteria
Stenotrophomonas_rhizophila_PCA13	884	593	Gammaproteobacteria	Gammaproteobacteria
Succinatimonas_hippei_YIT_12066	641	413	Gammaproteobacteria	Gammaproteobacteria
Succinivibrio_dextrinosolvens_H5	704	464	Gammaproteobacteria	Gammaproteobacteria
Tatumella_ptyseos_ATCC_33301	892	613	Gammaproteobacteria	Gammaproteobacteria
Anaerobiospirillum_succiniciproducens_DSM_640001	678	454	Gammaproteobacteria	Gammaproteobacteria
Trabulsiella_guamensis_ATCC_49490	998	698	Gammaproteobacteria	Gammaproteobacteria
Aggregatibacter_aphrophilus_NJ8700	764	508	Gammaproteobacteria	Gammaproteobacteria
Vibrio_fluvialis_560	992	669	Gammaproteobacteria	Gammaproteobacteria
Aeromonas_media_WS	936	633	Gammaproteobacteria	Gammaproteobacteria
Aeromonas_jandaei_Riv2	936	626	Gammaproteobacteria	Gammaproteobacteria
Aeromonas_hydrophila_subsp_hydrophila_ATCC_7966	959	648	Gammaproteobacteria	Gammaproteobacteria
Aeromonas_caviae_Ae398	952	639	Gammaproteobacteria	Gammaproteobacteria
Vibrio_fluvialis_I21563	945	638	Gammaproteobacteria	Gammaproteobacteria
Vibrio_fluvialis_PG41	984	664	Gammaproteobacteria	Gammaproteobacteria
Silanimonas_lenta_DSM_16282	780	503	Gammaproteobacteria	Gammaproteobacteria
Pseudomonas_stutzeri_DSM_4166	940	634	Gammaproteobacteria	Gammaproteobacteria
Yokenella_regensburgei_ATCC_43003	1045	716	Gammaproteobacteria	Gammaproteobacteria
Pseudomonas_oleovorans_MOIL14HWK12	992	689	Gammaproteobacteria	Gammaproteobacteria
Enterobacter_cloacae_EcWSU1	1035	723	Gammaproteobacteria	Gammaproteobacteria
Grimontia_hollisae_CIP_101886	924	626	Gammaproteobacteria	Gammaproteobacteria
Haemophilus_haemolyticus_M19501	691	458	Gammaproteobacteria	Gammaproteobacteria
Haemophilus_influenzae_R2846	716	478	Gammaproteobacteria	Gammaproteobacteria
Haemophilus_parainfluenzae_T3T1	714	485	Gammaproteobacteria	Gammaproteobacteria
Haemophilus_sputorum_CCUG_13788	778	502	Gammaproteobacteria	Gammaproteobacteria
Hafnia_alvei_ATCC_51873	1032	706	Gammaproteobacteria	Gammaproteobacteria
Hafnia_alvei_BIDMC_31	1084	773	Gammaproteobacteria	Gammaproteobacteria
Pseudomonas_putida_F1	999	700	Gammaproteobacteria	Gammaproteobacteria
Klebsiella_pneumoniae_pneumoniae_MGH78578	1067	717	Gammaproteobacteria	Gammaproteobacteria
Klebsiella_sp_1_1_55	1083	733	Gammaproteobacteria	Gammaproteobacteria
Kluyvera_ascorbata_ATCC_33433	1022	716	Gammaproteobacteria	Gammaproteobacteria
Enterobacter_cancerogenus_ATCC_35316	987	666	Gammaproteobacteria	Gammaproteobacteria
Enterobacter_asburiae_LF7a	1036	725	Gammaproteobacteria	Gammaproteobacteria
Enterobacter_aerogenes_KCTC_2190	1041	727	Gammaproteobacteria	Gammaproteobacteria
Enterobacter_hormaechei_YT2	1031	720	Gammaproteobacteria	Gammaproteobacteria
Enterobacter_hormaechei_YT3	1011	710	Gammaproteobacteria	Gammaproteobacteria
Escherichia_albertii_KF1	1006	696	Gammaproteobacteria	Gammaproteobacteria
Escherichia_albertii_TW07627	1002	692	Gammaproteobacteria	Gammaproteobacteria
Citrobacter_youngae_ATCC_29220	1040	695	Gammaproteobacteria	Gammaproteobacteria
Citrobacter_sp_30_2	1031	699	Gammaproteobacteria	Gammaproteobacteria
Citrobacter_koseri_ATCC_BAA_895	1017	678	Gammaproteobacteria	Gammaproteobacteria
Citrobacter_freundii_UCI_31	1051	737	Gammaproteobacteria	Gammaproteobacteria
Citrobacter_freundii_ATCC_8090	1080	752	Gammaproteobacteria	Gammaproteobacteria
Citrobacter_amalonaticus_Y19	1048	733	Gammaproteobacteria	Gammaproteobacteria
Cedecea_davisae_DSM_4568	1010	700	Gammaproteobacteria	Gammaproteobacteria
Leminorella_grimontii_ATCC_33999	893	607	Gammaproteobacteria	Gammaproteobacteria
Escherichia_sp_4_1_40B	1034	691	Gammaproteobacteria	Gammaproteobacteria
Escherichia_sp_1_1_43	654	419	Gammaproteobacteria	Gammaproteobacteria
Escherichia_hermannii_NBRC_105704	992	681	Gammaproteobacteria	Gammaproteobacteria
Escherichia_fergusonii_ATCC_35469	1040	720	Gammaproteobacteria	Gammaproteobacteria
Escherichia_coli_UTI89_UPEC	1023	678	Gammaproteobacteria	Gammaproteobacteria
Escherichia_coli_str_K_12_substr_MG1655	1037	694	Gammaproteobacteria	Gammaproteobacteria
Escherichia_coli_SE11	1047	694	Gammaproteobacteria	Gammaproteobacteria
Escherichia_coli_O157_H7_str_Sakai	1015	675	Gammaproteobacteria	Gammaproteobacteria
Escherichia_sp_3_2_53FAA	1028	683	Gammaproteobacteria	Gammaproteobacteria
Enterobacteriaceae_bacterium_9_2_54FAA	1005	662	Gammaproteobacteria	Gammaproteobacteria
Klebsiella_oxytoca_KCTC_1686	1102	772	Gammaproteobacteria	Gammaproteobacteria
Pseudomonas_monteilii_NBRC_103158	985	687	Gammaproteobacteria	Gammaproteobacteria
Nevskia_ramosa_DSM_11499	855	558	Gammaproteobacteria	Gammaproteobacteria
Pseudomonas_monteilii_QM	995	690	Gammaproteobacteria	Gammaproteobacteria
Edwardsiella_tarda_FL6_60	891	584	Gammaproteobacteria	Gammaproteobacteria
Pseudomonas_fluorescens_PfO_1	1000	690	Gammaproteobacteria	Gammaproteobacteria
Plesiomonas_shigelloides_302_73	908	619	Gammaproteobacteria	Gammaproteobacteria
Proteus_mirabilis_ATCC_29906	902	614	Gammaproteobacteria	Gammaproteobacteria
Proteus_penneri_ATCC_35198	878	608	Gammaproteobacteria	Gammaproteobacteria
Providencia_alcalifaciens_DSM_30120	850	576	Gammaproteobacteria	Gammaproteobacteria
Pantoea_agglomerans_IG1	993	699	Gammaproteobacteria	Gammaproteobacteria
Providencia_rettgeri_DSM_1131	945	627	Gammaproteobacteria	Gammaproteobacteria
Providencia_rustigianii_DSM_4541	859	582	Gammaproteobacteria	Gammaproteobacteria
Pseudomonas_nitroreducens_HBP1	998	686	Gammaproteobacteria	Gammaproteobacteria
Edwardsiella_tarda_ATCC_23685	886	586	Gammaproteobacteria	Gammaproteobacteria
Morganella_morganii_subsp_morganii_KT	932	639	Gammaproteobacteria	Gammaproteobacteria
Moraxella_catarrhalis_RH4	672	460	Gammaproteobacteria	Gammaproteobacteria
Pseudomonas_alcaliphila_34	987	661	Gammaproteobacteria	Gammaproteobacteria
Pseudomonas_aeruginosa_NCGM2S1	979	638	Gammaproteobacteria	Gammaproteobacteria
Providencia_stuartii_ATCC_25827	893	602	Gammaproteobacteria	Gammaproteobacteria
Halococcus_morrhuae_DSM1307	708	468	Halobacteria	Halobacteria
Melainabacterium_MELA1	466	300	Melainabacteria	Melainabacteria
Methanosphaera_stadtmanae_DSM_3091	460	273	Methanobacteria	Methanobacteria
Methanobrevibacter_smithii_ATCC_35061	495	294	Methanobacteria	Methanobacteria
Methanobrevibacter_ruminantium_M1	576	378	Methanobacteria	Methanobacteria
Ureaplasma_urealyticum_serovar_8_str_ATCC_27618	221	156	Mollicutes	Mollicutes
Mycoplasma_pneumoniae_309	191	117	Mollicutes	Mollicutes
Mycoplasma_hominis_ATCC_23114	130	98	Mollicutes	Mollicutes
Ureaplasma_parvum_serovar_1_str_ATCC_27813	223	157	Mollicutes	Mollicutes
Dialister_invisus_DSM_15470	523	370	Negativicutes	Negativicutes
Phascolarctobacterium_succinatutens_YIT_12067	614	387	Negativicutes	Negativicutes
Dialister_succinatiphilus_YIT_11850	646	434	Negativicutes	Negativicutes
Megamonas_hypermegale_ART12_1	738	467	Negativicutes	Negativicutes
Megasphaera_elsdenii_DSM_20460	679	422	Negativicutes	Negativicutes
Megamonas_funiformis_YIT_11815	802	532	Negativicutes	Negativicutes
Mitsuokella_jalaludinii_DSM_13811	742	490	Negativicutes	Negativicutes
Mitsuokella_multacida_DSM_20544	733	456	Negativicutes	Negativicutes
Acidaminococcus_fermentans_DSM_20731	682	455	Negativicutes	Negativicutes
Veillonella_atypica_ACS_049_V_Sch6	708	468	Negativicutes	Negativicutes
Acidaminococcus_intestini_RyC_MR95	630	388	Negativicutes	Negativicutes
Veillonella_parvula_Te3_DSM_2008	685	429	Negativicutes	Negativicutes
Veillonella_ratti_ACS_216_V_Col6b	764	495	Negativicutes	Negativicutes
Acidaminococcus_sp_D21	588	373	Negativicutes	Negativicutes
Veillonella_dispar_ATCC_17748	733	484	Negativicutes	Negativicutes
Selenomonas_ruminantium_AC2024	783	501	Negativicutes	Negativicutes
Candidatus_Nitrososphaera_gargensis_Ga92	618	412	Nitrososphaeria	Nitrososphaeria
Brachyspira_pilosicoli_B2904	735	489	Spirochaetia	Spirochaetia
Anaerobaculum_hydrogeniformans_OS1_ATCC_BAA_1850	597	405	Synergistia	Synergistia
Cloacibacillus_evryensis_DSM_19522	719	507	Synergistia	Synergistia
Pyramidobacter_piscolens_W5455	597	402	Synergistia	Synergistia
Methanomassiliicoccus_luminyensis_B10	621	430	Thermoplasmata	Thermoplasmata
Sulfolobus_solfataricus_P2	661	440	Thermoprotei	Thermoprotei
Peptoniphilus_harei_ACS_146_V_Sch2b	546	349	Tissierellia	Tissierellia
Peptoniphilus_lacrimalis_DSM_7455	499	329	Tissierellia	Tissierellia
Finegoldia_magna_ATCC_29328	509	327	Tissierellia	Tissierellia
Anaerococcus_prevotii_DSM_20548	580	371	Tissierellia	Tissierellia
Anaerococcus_vaginalis_ATCC_51170	570	381	Tissierellia	Tissierellia
Kallipyga_massiliensis_ph2	519	340	Tissierellia	Tissierellia
Peptoniphilus_timonensis_JC401	514	336	Tissierellia	Tissierellia
Peptoniphilus_indolicus_ATCC_29427	565	388	Tissierellia	Tissierellia
Akkermansia_muciniphila_ATCC_BAA_835	684	424	Verrucomicrobiae	Verrucomicrobiae
